/*
SQLyog Community Edition- MySQL GUI v6.03
Host - 5.0.22-community-nt : Database - traffic_authentication
*********************************************************************
Server version : 5.0.22-community-nt
*/

/*!40101 SET NAMES utf8 */;

/*!40101 SET SQL_MODE=''*/;

create database if not exists `traffic_authentication`;

USE `traffic_authentication`;

/*!40101 SET @OLD_SQL_MODE=@@SQL_MODE, SQL_MODE='NO_AUTO_VALUE_ON_ZERO' */;

/*Table structure for table `demo_dealer` */

CREATE TABLE `demo_dealer` (
  `shop_owner` varchar(80) default NULL,
  `email` varchar(100) default NULL,
  `issue_date` date default NULL,
  `license_no` varchar(14) default NULL,
  `userid` varchar(50) default NULL,
  `contact` varchar(13) default NULL,
  `password` varchar(20) default NULL,
  `address` varchar(100) default NULL,
  `nearby_rto` varchar(50) default NULL
) ENGINE=InnoDB DEFAULT CHARSET=latin1;

/*Data for the table `demo_dealer` */

insert  into `demo_dealer`(`shop_owner`,`email`,`issue_date`,`license_no`,`userid`,`contact`,`password`,`address`,`nearby_rto`) values ('dealer1','arraghuvanshi12@gmail.com','2022-03-03','1234567890123','user5','999999','12345','indore','indore');

/*Table structure for table `demo_rto` */

CREATE TABLE `demo_rto` (
  `username` varchar(40) default NULL,
  `password` varchar(20) default NULL,
  `email` varchar(80) default NULL,
  `contact` varchar(13) default NULL,
  `state` varchar(50) default NULL,
  `pincode` int(7) default NULL,
  `city` varchar(30) default NULL,
  `address` varchar(100) default NULL
) ENGINE=InnoDB DEFAULT CHARSET=latin1;

/*Data for the table `demo_rto` */

insert  into `demo_rto`(`username`,`password`,`email`,`contact`,`state`,`pincode`,`city`,`address`) values ('user5','12345','rto@com','1234567','mp',1002,'indore','abcd');

/*Table structure for table `demo_traffic_police` */

CREATE TABLE `demo_traffic_police` (
  `police_id` varchar(20) default NULL,
  `password` varchar(20) default NULL,
  `name` varchar(50) default NULL,
  `dob` date default NULL,
  `zone` varchar(30) default NULL,
  `email` varchar(80) default NULL,
  `contact` varchar(13) default NULL,
  `aadhar_no` varchar(14) default NULL,
  `address` varchar(100) default NULL
) ENGINE=InnoDB DEFAULT CHARSET=latin1;

/*Data for the table `demo_traffic_police` */

insert  into `demo_traffic_police`(`police_id`,`password`,`name`,`dob`,`zone`,`email`,`contact`,`aadhar_no`,`address`) values ('user5','12345','police1','2021-02-02','indore','durvakulkarni3@gmail.com','8888888888','123456789','indore');

/*Table structure for table `doc_list` */

CREATE TABLE `doc_list` (
  `userid` varchar(25) default NULL,
  `aadhar_no` varchar(12) default NULL,
  `license_no` varchar(18) default NULL,
  `vaccination_no` varchar(20) default NULL,
  `pan-card_no` varchar(20) default NULL,
  `passport_no` varchar(20) default NULL
) ENGINE=InnoDB DEFAULT CHARSET=latin1;

/*Data for the table `doc_list` */

insert  into `doc_list`(`userid`,`aadhar_no`,`license_no`,`vaccination_no`,`pan-card_no`,`passport_no`) values ('abcd','123456789012','lic12345',NULL,'pan12345','pass1234');
insert  into `doc_list`(`userid`,`aadhar_no`,`license_no`,`vaccination_no`,`pan-card_no`,`passport_no`) values ('gg59','123456789013',NULL,NULL,NULL,NULL);
insert  into `doc_list`(`userid`,`aadhar_no`,`license_no`,`vaccination_no`,`pan-card_no`,`passport_no`) values ('user5','123456789018','123',NULL,NULL,NULL);

/*Table structure for table `driving_license` */

CREATE TABLE `driving_license` (
  `aadhar_no` varchar(12) default NULL,
  `license_no` varchar(18) default NULL,
  `issue_date` date default NULL,
  `expire_date` date default NULL,
  `drive` varchar(20) default NULL,
  `state` varchar(50) default NULL,
  `name` varchar(50) default NULL,
  `dob` date default NULL,
  `blood` varchar(3) default NULL,
  `s/w/d` varchar(50) default NULL,
  `present_address` varchar(100) default NULL,
  `permanent_address` varchar(100) default NULL
) ENGINE=InnoDB DEFAULT CHARSET=latin1;

/*Data for the table `driving_license` */

insert  into `driving_license`(`aadhar_no`,`license_no`,`issue_date`,`expire_date`,`drive`,`state`,`name`,`dob`,`blood`,`s/w/d`,`present_address`,`permanent_address`) values ('123456789012','123','2002-01-01','2022-02-02','two','MP','Durva','2002-05-09','AB+','d','present','permanent');

/*Table structure for table `medical_report` */

CREATE TABLE `medical_report` (
  `userid` varchar(20) default NULL,
  `title1` varchar(30) default NULL,
  `doc1` blob,
  `title2` varchar(30) default NULL,
  `doc2` blob,
  `title3` varchar(30) default NULL,
  `doc3` blob,
  `title4` varchar(30) default NULL,
  `doc4` blob,
  `title5` varchar(30) default NULL,
  `doc5` blob,
  `title6` varchar(30) default NULL,
  `doc6` blob,
  `title7` varchar(30) default NULL,
  `doc7` blob,
  `title8` varchar(30) default NULL,
  `doc8` blob,
  `title9` varchar(30) default NULL,
  `doc9` blob,
  `title10` varchar(30) default NULL,
  `doc10` blob
) ENGINE=InnoDB DEFAULT CHARSET=latin1;

/*Data for the table `medical_report` */

insert  into `medical_report`(`userid`,`title1`,`doc1`,`title2`,`doc2`,`title3`,`doc3`,`title4`,`doc4`,`title5`,`doc5`,`title6`,`doc6`,`title7`,`doc7`,`title8`,`doc8`,`title9`,`doc9`,`title10`,`doc10`) values ('user5','abcd','PNG\r\n\Z\n\0\0\0\rIHDR\0\0\0\0\0\0\0\0\0	m\"H\0\0\0PLTE5!J\0\03:\0\00\0\0.\0\0,\0\0$\0\0\Z\0\0)\"K\0\0*\0:\0\0!\0\0򆆕=͎\0\0&G\0\0rr__tgg{44SPPh??X@>8z=AC I\n@0ULg\05~~  ECC^\'\'JHLLdM\n9Cj<BE\06곽爘阥rY61\0\0@IDATxkCJ՜ xA+*`=VD@ &B6NއlHv(DTZotz+mFJb7GCqW~q9㉢I,B\Zj`TORw1|\nSc$w-Oرp>:#@\"#)>\Z\"A>#a@<\"itfKiHi	M%MhG&NB,)#4M*.B!4M)B9R\'4M+UBR#4$Bށvдoh]D!4p^0 i$aM{%\"x@9li\nvp(ALl1PU\'L\r0uݱ(д7J\'4MKhд+Vm\'iOFBӎU~BkMѠp%4Fд=*?O>j{܄:ꜝVNYbr 	wqV\"\nj5|oPםoJH1#8sS.Tm`B؃2D#E}gE{=·VCY\nى;FhxEv!o8vc+4ᕧ&ɢN	X8hB\'Z;&ЄB0~yhxv֊h_՞{։rkz ǎkJm+r	g~XhF+EyWc{$Fh_d?LCz,FC7|ϫ{+D1A\nf#|)~N/ޅEt\"&#!+ZjˮVTRJ*UTR%\\4˵ľm6eYfh\ngۥe)avti\\r-*U\Z][FȐF,#PQM?*:`qtB%DawZ9jU<	*UL+HIBj\Zį{S+M$	0DDI*5CYD)l#Q4|9>P\"݊FL,RaIT\n|31RYŗi$)ۑg&SA^\r9[%Ds	Q\ZrZ^EAo	1LBb|0\0	Í01#d3d\nG]2=F,r_#r)Hr^#/\\PDqę:3[`\n?\0xL\"8	0!8?w7N72[~DD馯CN1\Z^7> FPNʭnpN<>pj=w\'q䉬Z|!\\W\nWdB/∿GY!w89,zO6ߔOGz]6m=C)p`\"g{RiCLd@7%N\0{\n\"k\ZE/8`x%^kD[mq50!]ÁFEaP>Ӣ(ӘDw4F\0G8Ϩ֘;c8n>G#!j6C7㋴kQN\"S3	SRB>BϷ4XI~!f`f㭋_L!4/cEFn\'Ohĕ\Z/rϟ?j.ml\njEE0Bم.&O!d)n+B̕)HIH2Kd*M%\"LHh&D\\&ʔVTBI:ST|\"XF+4]\"Dϊp	=ɇaEٵH),;\r!ܐT%oCJ\n\"˔nr+7b{|R\n:KZB4(Ҋ7ipV|Z%3Jsfȴ= sBd32fgwp2vUp1\",(@z<qf_\r3]nXl`!f_OvO`.$5h%҈&TLPD5?\Z\\%D, _0abaF	S5PďwyQv9Mh4䖦\n	aQqP׮\\r=f]w,wfWF\0\0\0\0IENDB`','abcd','PNG\r\n\Z\n\0\0\0\rIHDR\0\0\0\0\0\0\0\0\0	m\"H\0\0\0PLTE5!J\0\03:\0\00\0\0.\0\0,\0\0$\0\0\Z\0\0)\"K\0\0*\0:\0\0!\0\0򆆕=͎\0\0&G\0\0rr__tgg{44SPPh??X@>8z=AC I\n@0ULg\05~~  ECC^\'\'JHLLdM\n9Cj<BE\06곽爘阥rY61\0\0@IDATxkCJ՜ xA+*`=VD@ &B6NއlHv(DTZotz+mFJb7GCqW~q9㉢I,B\Zj`TORw1|\nSc$w-Oرp>:#@\"#)>\Z\"A>#a@<\"itfKiHi	M%MhG&NB,)#4M*.B!4M)B9R\'4M+UBR#4$Bށvдoh]D!4p^0 i$aM{%\"x@9li\nvp(ALl1PU\'L\r0uݱ(д7J\'4MKhд+Vm\'iOFBӎU~BkMѠp%4Fд=*?O>j{܄:ꜝVNYbr 	wqV\"\nj5|oPםoJH1#8sS.Tm`B؃2D#E}gE{=·VCY\nى;FhxEv!o8vc+4ᕧ&ɢN	X8hB\'Z;&ЄB0~yhxv֊h_՞{։rkz ǎkJm+r	g~XhF+EyWc{$Fh_d?LCz,FC7|ϫ{+D1A\nf#|)~N/ޅEt\"&#!+ZjˮVTRJ*UTR%\\4˵ľm6eYfh\ngۥe)avti\\r-*U\Z][FȐF,#PQM?*:`qtB%DawZ9jU<	*UL+HIBj\Zį{S+M$	0DDI*5CYD)l#Q4|9>P\"݊FL,RaIT\n|31RYŗi$)ۑg&SA^\r9[%Ds	Q\ZrZ^EAo	1LBb|0\0	Í01#d3d\nG]2=F,r_#r)Hr^#/\\PDqę:3[`\n?\0xL\"8	0!8?w7N72[~DD馯CN1\Z^7> FPNʭnpN<>pj=w\'q䉬Z|!\\W\nWdB/∿GY!w89,zO6ߔOGz]6m=C)p`\"g{RiCLd@7%N\0{\n\"k\ZE/8`x%^kD[mq50!]ÁFEaP>Ӣ(ӘDw4F\0G8Ϩ֘;c8n>G#!j6C7㋴kQN\"S3	SRB>BϷ4XI~!f`f㭋_L!4/cEFn\'Ohĕ\Z/rϟ?j.ml\njEE0Bم.&O!d)n+B̕)HIH2Kd*M%\"LHh&D\\&ʔVTBI:ST|\"XF+4]\"Dϊp	=ɇaEٵH),;\r!ܐT%oCJ\n\"˔nr+7b{|R\n:KZB4(Ҋ7ipV|Z%3Jsfȴ= sBd32fgwp2vUp1\",(@z<qf_\r3]nXl`!f_OvO`.$5h%҈&TLPD5?\Z\\%D, _0abaF	S5PďwyQv9Mh4䖦\n	aQqP׮\\r=f]w,wfWF\0\0\0\0IENDB`','logo','PNG\r\n\Z\n\0\0\0\rIHDR\0\0\0\0\0\0\0\0\0j\0\0\0sRGB\0\0\0\0gAMA\0\0a\0\0\0	pHYs\0\0\0\0od\0\0GIDATx^wTT纇w{ֺ{QcWbn]Ŋb1Kb[؍,\rT\"(*(JP`q nȞO߳+{\"NA݉ ;u\'DԝAPw\"NA݉ ;u\'DԝAPw\"NA݉ ;u\'DԝAPw\"NA݉ ;u\'DԝAPw\"NA݉ ;u\'DԝAPw\"NA݉ ;u\'DԝAPw\"NA݉ ;u\'DԝAPw\"NA݉ ;u\'DԝAPw\"NA݉ ;u\'DԝAPw\"NA݉ ;u\'DԝAPw\"NA݉ ;u\'DԝAPw\"NA݉ ;u\'DԝAPw\"NA݉ ;u\'p\'\'Ua	\'VW)k\"<>U^<@uc墯lWZ{Ճ=֌z˅ɈU+Uԯ@GIAz%wҽTt^qI+N<i8k7Bc_jՍIUgXN7qex9h\\-*اusqIĝtAGcUVWrpnŦh#3W7iz_cO2u7btͰfPqϚuH]u7]?>Q\'fa=%S1B]I]u719e9r-)87d\Z\"mO}ʠ*9 GPӭּ,[]4r3xuwd+C#l7LlRwA¨yA=q^/0c;qUYl06R#iQvCZdlP{\r勉;줷V2fayC\"^)^=+6zQ1[WU(ԓSz9Pw0)V^qTU+m2^UPC¨{3;UgKS/[SnXY[_%0*ۅQwe\\jȉ8m9r%ra\n§aiMU.zq6$>nnFN>F`ޟ3PwPw(M]\"2<ԝΦ.{5aFו.M%[Ns:u;%PGlu6Rn\"Era)wnw=-+71-ǩHXw`ɳӒFuk26v-I\Zs6z_AN݄lۻ+q֗*)H=<b*b\nY.ٞ2iW=ŝt&>9G3lcMtr˂P&ŝt\r:T[wE-yYE2~G^9^o \nvnwҽZߙޙ-*|^IԳ\nwo:л8D 76gPwC epU5=ƚP wO<kvrYu`p}S)A1W1]YuO8fp蓆\\w.,#fC=9.,\Z}4j?vnnEuf?7kN{tnnsϠ~S1ęζ\'Ü5lZPC͢x5bfz|B]T-ٞ+%kHukz_C:J\nV7֔z9Pw00~ڑOu7ѝ|Pw%nԽ!HwҽuFw0P8ᇿOB>Cgzh Nuw8C4qؐ?[,999cG~qyf߮G\\޹QQQA{nt!݋b)wP^{zJ?$AϚZ3k8xyU׸zJ}233_~\r\'[0BpF?ޏb`Ў?zV-h̗_3R0<yr/:\Zf;6nsl*{x|ZZZ^^^nnnzz:ĭYI#ϟ?ךGFF&\'\'cL` \\r%Jjg Hr?0NXnڬjxB۷+UQeKz\05tTc5	lXw}-7UjTy&A8Zbysdiu6n\\LcGܱv\Z(~_|Ο߲yix-WR/_t豶-[,zGkǏ4)FQvvvn5.vBv#utѵ+2!籋͚O:m]ؽvn۷m5VӦ|X+FR\"EAΛ5cAtÇ7kyˡΊ(y@\r<޺y!`MIFh/whn+Gkf҄	AAkS,J]`rE\\tc=kւo;wV*_#<!!+6\Zo«ikoo-({_FQFM-031&oAK/DޑJը1$BlB|z{3m+-=6&O/۷nᎁrfa2CPaN<	ۏav\"GaʧOB{.\rE2;`a1Cc@w?a.^<yDT		Ad;{Ut.Za=H͛7ZvzDq+Ю|Ho7lpgNK,kK;o#OpcGFނ<בoӶ]փUԎCs1m:ZX\\TC0P``tqQ0زi3}+>?X¢={PC\rZGX3|/b@Xfhg@ g6oܘ2Rߘ˗/̚){FFƳӧChAT={L\'ZHW0`\Z\"ٵc\'sT\\p<3aV\Z\0<t]\Z\nbccm-:T`l\'%&p)9Pw0NnԽA͢X\"{F\\\\?\'			w>%Hӑ v?~ iaV#YMy}A ;$kҰQú;k~OF0@`P	۳[J+x-Æ[*)kCn;%n7_____Y&8VvHp0Vܿ|/\',/\\(c9waa+~Yׯؾׯ_cqm[/]ǵXk7d_] bKa-zƋ/p#:w,81~P6-[~Ӯ=6+KvvV.^\\9.Çκ,Ckرó^e=yĳf1#GaZ3Mѵ7kT|2L{.uk6B#lߦ-ڣ⒅*U8zDGK-Ͻ{>wߏnйs̭UAKZp`~ >}Բl\0#͚6nܮuuk֢˕*=o;kӣ|ѣq=Яwobe%c~=,~	l}bgS\'MߧuT/7`srrVTؑaK~U\nJ$!}.,ZM\0^v#~j\r1U0mس{7.)\"\"wk@MO48s..@T[{{:*_9.O/?aukM	Wa#X*Lƌn\\nï]HL}gϜ])5tG\Z	:idH?`ʇͰ\nF	uoKbSo`?r\'صSgTȠ0+#Ałdh_z;r	kqq11kV.4ث{莗T˷TjPcvЯ?*8ѱ,iYQpSgq1W>_.+M\n?HN|e66o{p[>u\Zٹc<reԅ5׬Z	0	وR#$k0vlCCBJE3gw\"8r#ЮUU+W r苌HPsv1J7hשQ322l@DߍXx+EXHT\nC/\"ǝtㆳ_6u.twwUm۲:1z\n~#oT>d@\' fĆu!wߴafS$TжJbbֺ@,zپm$C~uB&^1~0NW7(̲<ը1t\'gr(IJ}{??%4ksgqH?2h`2j,ˍ>u\'_Y)蕝*wU򑺤\0̳g=1!mrOG,$8taHA!jiMTFw8XЎ AN{fA+P6m-gg\n\n`Vm#FlhiRɕWrIws?-Ȏ0PHZŽ\"DԝAPw\"NA݉ ;u\'DԝAPw\"NA݉ ;u\'DԝAPw\"NA݉ ;u\'DԝAPw\"NA݉ ;u\'DԝAPw\"NA݉ ;u\'DԝAPw\"NA݉ ;u\'DԝAPw\"NA݉ ;u\'DԝAPw\"NA݉ ;u\'DԝAPw\"NA݉ ;u\'DԝAPw\"NA݉ ;u\'DԝAPw\"NA݉ ;u\'Dԝjq^[(\0\0\0\0IENDB`','pdf','PNG\r\n\Z\n\0\0\0\rIHDR\0\0\0\0\0\0\0\0\0	m\"H\0\0\0PLTE5!J\0\03:\0\00\0\0.\0\0,\0\0$\0\0\Z\0\0)\"K\0\0*\0:\0\0!\0\0򆆕=͎\0\0&G\0\0rr__tgg{44SPPh??X@>8z=AC I\n@0ULg\05~~  ECC^\'\'JHLLdM\n9Cj<BE\06곽爘阥rY61\0\0@IDATxkCJ՜ xA+*`=VD@ &B6NއlHv(DTZotz+mFJb7GCqW~q9㉢I,B\Zj`TORw1|\nSc$w-Oرp>:#@\"#)>\Z\"A>#a@<\"itfKiHi	M%MhG&NB,)#4M*.B!4M)B9R\'4M+UBR#4$Bށvдoh]D!4p^0 i$aM{%\"x@9li\nvp(ALl1PU\'L\r0uݱ(д7J\'4MKhд+Vm\'iOFBӎU~BkMѠp%4Fд=*?O>j{܄:ꜝVNYbr 	wqV\"\nj5|oPםoJH1#8sS.Tm`B؃2D#E}gE{=·VCY\nى;FhxEv!o8vc+4ᕧ&ɢN	X8hB\'Z;&ЄB0~yhxv֊h_՞{։rkz ǎkJm+r	g~XhF+EyWc{$Fh_d?LCz,FC7|ϫ{+D1A\nf#|)~N/ޅEt\"&#!+ZjˮVTRJ*UTR%\\4˵ľm6eYfh\ngۥe)avti\\r-*U\Z][FȐF,#PQM?*:`qtB%DawZ9jU<	*UL+HIBj\Zį{S+M$	0DDI*5CYD)l#Q4|9>P\"݊FL,RaIT\n|31RYŗi$)ۑg&SA^\r9[%Ds	Q\ZrZ^EAo	1LBb|0\0	Í01#d3d\nG]2=F,r_#r)Hr^#/\\PDqę:3[`\n?\0xL\"8	0!8?w7N72[~DD馯CN1\Z^7> FPNʭnpN<>pj=w\'q䉬Z|!\\W\nWdB/∿GY!w89,zO6ߔOGz]6m=C)p`\"g{RiCLd@7%N\0{\n\"k\ZE/8`x%^kD[mq50!]ÁFEaP>Ӣ(ӘDw4F\0G8Ϩ֘;c8n>G#!j6C7㋴kQN\"S3	SRB>BϷ4XI~!f`f㭋_L!4/cEFn\'Ohĕ\Z/rϟ?j.ml\njEE0Bم.&O!d)n+B̕)HIH2Kd*M%\"LHh&D\\&ʔVTBI:ST|\"XF+4]\"Dϊp	=ɇaEٵH),;\r!ܐT%oCJ\n\"˔nr+7b{|R\n:KZB4(Ҋ7ipV|Z%3Jsfȴ= sBd32fgwp2vUp1\",(@z<qf_\r3]nXl`!f_OvO`.$5h%҈&TLPD5?\Z\\%D, _0abaF	S5PďwyQv9Mh4䖦\n	aQqP׮\\r=f]w,wfWF\0\0\0\0IENDB`','abcd','PNG\r\n\Z\n\0\0\0\rIHDR\0\0\0\0\0\0\0\0\0	m\"H\0\0\0PLTE5!J\0\03:\0\00\0\0.\0\0,\0\0$\0\0\Z\0\0)\"K\0\0*\0:\0\0!\0\0򆆕=͎\0\0&G\0\0rr__tgg{44SPPh??X@>8z=AC I\n@0ULg\05~~  ECC^\'\'JHLLdM\n9Cj<BE\06곽爘阥rY61\0\0@IDATxkCJ՜ xA+*`=VD@ &B6NއlHv(DTZotz+mFJb7GCqW~q9㉢I,B\Zj`TORw1|\nSc$w-Oرp>:#@\"#)>\Z\"A>#a@<\"itfKiHi	M%MhG&NB,)#4M*.B!4M)B9R\'4M+UBR#4$Bށvдoh]D!4p^0 i$aM{%\"x@9li\nvp(ALl1PU\'L\r0uݱ(д7J\'4MKhд+Vm\'iOFBӎU~BkMѠp%4Fд=*?O>j{܄:ꜝVNYbr 	wqV\"\nj5|oPםoJH1#8sS.Tm`B؃2D#E}gE{=·VCY\nى;FhxEv!o8vc+4ᕧ&ɢN	X8hB\'Z;&ЄB0~yhxv֊h_՞{։rkz ǎkJm+r	g~XhF+EyWc{$Fh_d?LCz,FC7|ϫ{+D1A\nf#|)~N/ޅEt\"&#!+ZjˮVTRJ*UTR%\\4˵ľm6eYfh\ngۥe)avti\\r-*U\Z][FȐF,#PQM?*:`qtB%DawZ9jU<	*UL+HIBj\Zį{S+M$	0DDI*5CYD)l#Q4|9>P\"݊FL,RaIT\n|31RYŗi$)ۑg&SA^\r9[%Ds	Q\ZrZ^EAo	1LBb|0\0	Í01#d3d\nG]2=F,r_#r)Hr^#/\\PDqę:3[`\n?\0xL\"8	0!8?w7N72[~DD馯CN1\Z^7> FPNʭnpN<>pj=w\'q䉬Z|!\\W\nWdB/∿GY!w89,zO6ߔOGz]6m=C)p`\"g{RiCLd@7%N\0{\n\"k\ZE/8`x%^kD[mq50!]ÁFEaP>Ӣ(ӘDw4F\0G8Ϩ֘;c8n>G#!j6C7㋴kQN\"S3	SRB>BϷ4XI~!f`f㭋_L!4/cEFn\'Ohĕ\Z/rϟ?j.ml\njEE0Bم.&O!d)n+B̕)HIH2Kd*M%\"LHh&D\\&ʔVTBI:ST|\"XF+4]\"Dϊp	=ɇaEٵH),;\r!ܐT%oCJ\n\"˔nr+7b{|R\n:KZB4(Ҋ7ipV|Z%3Jsfȴ= sBd32fgwp2vUp1\",(@z<qf_\r3]nXl`!f_OvO`.$5h%҈&TLPD5?\Z\\%D, _0abaF	S5PďwyQv9Mh4䖦\n	aQqP׮\\r=f]w,wfWF\0\0\0\0IENDB`',NULL,NULL,NULL,NULL,NULL,NULL,NULL,NULL,NULL,NULL);

/*Table structure for table `medical_status` */

CREATE TABLE `medical_status` (
  `userid` varchar(20) NOT NULL,
  `age` int(3) default NULL,
  `gender` varchar(10) default NULL,
  `blood_group` varchar(3) default NULL,
  `specially_abled` varchar(3) default NULL,
  `desc_ability` varchar(100) default NULL,
  `weight` decimal(10,0) default NULL,
  `height` decimal(10,0) default NULL,
  `diabetes` varchar(3) default NULL,
  `blood_pressure` varchar(5) default NULL,
  `any_medication` varchar(3) default NULL,
  `medication_desc` varchar(100) default NULL,
  `med_allergy` varchar(3) default NULL,
  `allergy_desc` varchar(100) default NULL,
  `other_diseases` varchar(100) default NULL,
  `tobacco` varchar(3) default NULL,
  `smoke` varchar(10) default NULL,
  `alcohol` varchar(20) default NULL,
  `health_comment` varchar(100) default NULL,
  PRIMARY KEY  (`userid`)
) ENGINE=InnoDB DEFAULT CHARSET=latin1;

/*Data for the table `medical_status` */

insert  into `medical_status`(`userid`,`age`,`gender`,`blood_group`,`specially_abled`,`desc_ability`,`weight`,`height`,`diabetes`,`blood_pressure`,`any_medication`,`medication_desc`,`med_allergy`,`allergy_desc`,`other_diseases`,`tobacco`,`smoke`,`alcohol`,`health_comment`) values ('abcd',20,'female','O+','Yes','Loobly','50','50','Yes','High','Yes','Laughter','Yes','Noi','Covid,Tyu Batau','Yes','Yes','Daily','Me Sooooo Looobly Loooobly ......');

/*Table structure for table `personal_drive` */

CREATE TABLE `personal_drive` (
  `userid` varchar(20) default NULL,
  `title1` varchar(30) default NULL,
  `doc1` blob,
  `title2` varchar(30) default NULL,
  `doc2` blob,
  `title3` varchar(30) default NULL,
  `doc3` blob,
  `title4` varchar(30) default NULL,
  `doc4` blob,
  `title5` varchar(30) default NULL,
  `doc5` blob,
  `title6` varchar(30) default NULL,
  `doc6` blob,
  `title7` varchar(30) default NULL,
  `doc7` blob,
  `title8` varchar(30) default NULL,
  `doc8` blob,
  `title9` varchar(30) default NULL,
  `doc9` blob,
  `title10` varchar(30) default NULL,
  `doc10` blob
) ENGINE=InnoDB DEFAULT CHARSET=latin1;

/*Data for the table `personal_drive` */

insert  into `personal_drive`(`userid`,`title1`,`doc1`,`title2`,`doc2`,`title3`,`doc3`,`title4`,`doc4`,`title5`,`doc5`,`title6`,`doc6`,`title7`,`doc7`,`title8`,`doc8`,`title9`,`doc9`,`title10`,`doc10`) values ('user5','abcd','PNG\r\n\Z\n\0\0\0\rIHDR\0\0\0\0\0\0\0\0\0	m\"H\0\0\0PLTE5!J\0\03:\0\00\0\0.\0\0,\0\0$\0\0\Z\0\0)\"K\0\0*\0:\0\0!\0\0򆆕=͎\0\0&G\0\0rr__tgg{44SPPh??X@>8z=AC I\n@0ULg\05~~  ECC^\'\'JHLLdM\n9Cj<BE\06곽爘阥rY61\0\0@IDATxkCJ՜ xA+*`=VD@ &B6NއlHv(DTZotz+mFJb7GCqW~q9㉢I,B\Zj`TORw1|\nSc$w-Oرp>:#@\"#)>\Z\"A>#a@<\"itfKiHi	M%MhG&NB,)#4M*.B!4M)B9R\'4M+UBR#4$Bށvдoh]D!4p^0 i$aM{%\"x@9li\nvp(ALl1PU\'L\r0uݱ(д7J\'4MKhд+Vm\'iOFBӎU~BkMѠp%4Fд=*?O>j{܄:ꜝVNYbr 	wqV\"\nj5|oPםoJH1#8sS.Tm`B؃2D#E}gE{=·VCY\nى;FhxEv!o8vc+4ᕧ&ɢN	X8hB\'Z;&ЄB0~yhxv֊h_՞{։rkz ǎkJm+r	g~XhF+EyWc{$Fh_d?LCz,FC7|ϫ{+D1A\nf#|)~N/ޅEt\"&#!+ZjˮVTRJ*UTR%\\4˵ľm6eYfh\ngۥe)avti\\r-*U\Z][FȐF,#PQM?*:`qtB%DawZ9jU<	*UL+HIBj\Zį{S+M$	0DDI*5CYD)l#Q4|9>P\"݊FL,RaIT\n|31RYŗi$)ۑg&SA^\r9[%Ds	Q\ZrZ^EAo	1LBb|0\0	Í01#d3d\nG]2=F,r_#r)Hr^#/\\PDqę:3[`\n?\0xL\"8	0!8?w7N72[~DD馯CN1\Z^7> FPNʭnpN<>pj=w\'q䉬Z|!\\W\nWdB/∿GY!w89,zO6ߔOGz]6m=C)p`\"g{RiCLd@7%N\0{\n\"k\ZE/8`x%^kD[mq50!]ÁFEaP>Ӣ(ӘDw4F\0G8Ϩ֘;c8n>G#!j6C7㋴kQN\"S3	SRB>BϷ4XI~!f`f㭋_L!4/cEFn\'Ohĕ\Z/rϟ?j.ml\njEE0Bم.&O!d)n+B̕)HIH2Kd*M%\"LHh&D\\&ʔVTBI:ST|\"XF+4]\"Dϊp	=ɇaEٵH),;\r!ܐT%oCJ\n\"˔nr+7b{|R\n:KZB4(Ҋ7ipV|Z%3Jsfȴ= sBd32fgwp2vUp1\",(@z<qf_\r3]nXl`!f_OvO`.$5h%҈&TLPD5?\Z\\%D, _0abaF	S5PďwyQv9Mh4䖦\n	aQqP׮\\r=f]w,wfWF\0\0\0\0IENDB`','profile','PNG\r\n\Z\n\0\0\0\rIHDR\0\0\0\0\0\0\0\0\0	m\"H\0\0\0PLTE5!J\0\03:\0\00\0\0.\0\0,\0\0$\0\0\Z\0\0)\"K\0\0*\0:\0\0!\0\0򆆕=͎\0\0&G\0\0rr__tgg{44SPPh??X@>8z=AC I\n@0ULg\05~~  ECC^\'\'JHLLdM\n9Cj<BE\06곽爘阥rY61\0\0@IDATxkCJ՜ xA+*`=VD@ &B6NއlHv(DTZotz+mFJb7GCqW~q9㉢I,B\Zj`TORw1|\nSc$w-Oرp>:#@\"#)>\Z\"A>#a@<\"itfKiHi	M%MhG&NB,)#4M*.B!4M)B9R\'4M+UBR#4$Bށvдoh]D!4p^0 i$aM{%\"x@9li\nvp(ALl1PU\'L\r0uݱ(д7J\'4MKhд+Vm\'iOFBӎU~BkMѠp%4Fд=*?O>j{܄:ꜝVNYbr 	wqV\"\nj5|oPםoJH1#8sS.Tm`B؃2D#E}gE{=·VCY\nى;FhxEv!o8vc+4ᕧ&ɢN	X8hB\'Z;&ЄB0~yhxv֊h_՞{։rkz ǎkJm+r	g~XhF+EyWc{$Fh_d?LCz,FC7|ϫ{+D1A\nf#|)~N/ޅEt\"&#!+ZjˮVTRJ*UTR%\\4˵ľm6eYfh\ngۥe)avti\\r-*U\Z][FȐF,#PQM?*:`qtB%DawZ9jU<	*UL+HIBj\Zį{S+M$	0DDI*5CYD)l#Q4|9>P\"݊FL,RaIT\n|31RYŗi$)ۑg&SA^\r9[%Ds	Q\ZrZ^EAo	1LBb|0\0	Í01#d3d\nG]2=F,r_#r)Hr^#/\\PDqę:3[`\n?\0xL\"8	0!8?w7N72[~DD馯CN1\Z^7> FPNʭnpN<>pj=w\'q䉬Z|!\\W\nWdB/∿GY!w89,zO6ߔOGz]6m=C)p`\"g{RiCLd@7%N\0{\n\"k\ZE/8`x%^kD[mq50!]ÁFEaP>Ӣ(ӘDw4F\0G8Ϩ֘;c8n>G#!j6C7㋴kQN\"S3	SRB>BϷ4XI~!f`f㭋_L!4/cEFn\'Ohĕ\Z/rϟ?j.ml\njEE0Bم.&O!d)n+B̕)HIH2Kd*M%\"LHh&D\\&ʔVTBI:ST|\"XF+4]\"Dϊp	=ɇaEٵH),;\r!ܐT%oCJ\n\"˔nr+7b{|R\n:KZB4(Ҋ7ipV|Z%3Jsfȴ= sBd32fgwp2vUp1\",(@z<qf_\r3]nXl`!f_OvO`.$5h%҈&TLPD5?\Z\\%D, _0abaF	S5PďwyQv9Mh4䖦\n	aQqP׮\\r=f]w,wfWF\0\0\0\0IENDB`',NULL,NULL,NULL,NULL,NULL,NULL,NULL,NULL,NULL,NULL,NULL,NULL,NULL,NULL,NULL,NULL);

/*Table structure for table `uidai` */

CREATE TABLE `uidai` (
  `aadhar_no` varchar(12) NOT NULL,
  `name` varchar(50) default NULL,
  `dob` date default NULL,
  `gender` varchar(10) default NULL,
  `address` varchar(50) default NULL,
  `profile` mediumblob,
  `fingerprint` mediumblob,
  PRIMARY KEY  (`aadhar_no`)
) ENGINE=InnoDB DEFAULT CHARSET=latin1;

/*Data for the table `uidai` */

insert  into `uidai`(`aadhar_no`,`name`,`dob`,`gender`,`address`,`profile`,`fingerprint`) values ('123456789011','Ayush','2001-01-01','male','IIST,Indore',NULL,NULL);
insert  into `uidai`(`aadhar_no`,`name`,`dob`,`gender`,`address`,`profile`,`fingerprint`) values ('123456789012','Durva','2002-05-09','female','IIST,Indore',NULL,NULL);
insert  into `uidai`(`aadhar_no`,`name`,`dob`,`gender`,`address`,`profile`,`fingerprint`) values ('123456789013','Ikka','2001-03-03','male','IIST,Indore',NULL,NULL);
insert  into `uidai`(`aadhar_no`,`name`,`dob`,`gender`,`address`,`profile`,`fingerprint`) values ('123456789018','opppp','2022-03-18','other','IIST,Indore',NULL,NULL);

/*Table structure for table `user` */

CREATE TABLE `user` (
  `userid` varchar(20) default NULL,
  `aadhar_no` varchar(12) default NULL,
  `password` varchar(20) default NULL,
  `name` varchar(50) default NULL,
  `dob` date default NULL,
  `gender` varchar(20) default NULL,
  `contact` varchar(14) default NULL,
  `email` varchar(90) default NULL,
  `uno` int(11) unsigned NOT NULL auto_increment,
  `profile` mediumblob,
  `address` varchar(100) default NULL,
  `profession` varchar(80) default NULL,
  PRIMARY KEY  (`uno`)
) ENGINE=InnoDB DEFAULT CHARSET=latin1;

/*Data for the table `user` */

insert  into `user`(`userid`,`aadhar_no`,`password`,`name`,`dob`,`gender`,`contact`,`email`,`uno`,`profile`,`address`,`profession`) values ('abcd','123456789012','12345','Durva','2002-05-09','female','9399492709','arraghuvanshi12@gmail.com',1,'PNG\r\n\Z\n\0\0\0\rIHDR\0\0\0\0\0\0\0\0\0j\0\0\0sRGB\0\0\0\0gAMA\0\0a\0\0\0	pHYs\0\0\0\0od\0\0GIDATx^wTT纇w{ֺ{QcWbn]Ŋb1Kb[؍,\rT\"(*(JP`q nȞO߳+{\"NA݉ ;u\'DԝAPw\"NA݉ ;u\'DԝAPw\"NA݉ ;u\'DԝAPw\"NA݉ ;u\'DԝAPw\"NA݉ ;u\'DԝAPw\"NA݉ ;u\'DԝAPw\"NA݉ ;u\'DԝAPw\"NA݉ ;u\'DԝAPw\"NA݉ ;u\'DԝAPw\"NA݉ ;u\'DԝAPw\"NA݉ ;u\'DԝAPw\"NA݉ ;u\'DԝAPw\"NA݉ ;u\'p\'\'Ua	\'VW)k\"<>U^<@uc墯lWZ{Ճ=֌z˅ɈU+Uԯ@GIAz%wҽTt^qI+N<i8k7Bc_jՍIUgXN7qex9h\\-*اusqIĝtAGcUVWrpnŦh#3W7iz_cO2u7btͰfPqϚuH]u7]?>Q\'fa=%S1B]I]u719e9r-)87d\Z\"mO}ʠ*9 GPӭּ,[]4r3xuwd+C#l7LlRwA¨yA=q^/0c;qUYl06R#iQvCZdlP{\r勉;줷V2fayC\"^)^=+6zQ1[WU(ԓSz9Pw0)V^qTU+m2^UPC¨{3;UgKS/[SnXY[_%0*ۅQwe\\jȉ8m9r%ra\n§aiMU.zq6$>nnFN>F`ޟ3PwPw(M]\"2<ԝΦ.{5aFו.M%[Ns:u;%PGlu6Rn\"Era)wnw=-+71-ǩHXw`ɳӒFuk26v-I\Zs6z_AN݄lۻ+q֗*)H=<b*b\nY.ٞ2iW=ŝt&>9G3lcMtr˂P&ŝt\r:T[wE-yYE2~G^9^o \nvnwҽZߙޙ-*|^IԳ\nwo:л8D 76gPwC epU5=ƚP wO<kvrYu`p}S)A1W1]YuO8fp蓆\\w.,#fC=9.,\Z}4j?vnnEuf?7kN{tnnsϠ~S1ęζ\'Ü5lZPC͢x5bfz|B]T-ٞ+%kHukz_C:J\nV7֔z9Pw00~ڑOu7ѝ|Pw%nԽ!HwҽuFw0P8ᇿOB>Cgzh Nuw8C4qؐ?[,999cG~qyf߮G\\޹QQQA{nt!݋b)wP^{zJ?$AϚZ3k8xyU׸zJ}233_~\r\'[0BpF?ޏb`Ў?zV-h̗_3R0<yr/:\Zf;6nsl*{x|ZZZ^^^nnnzz:ĭYI#ϟ?ךGFF&\'\'cL` \\r%Jjg Hr?0NXnڬjxB۷+UQeKz\05tTc5	lXw}-7UjTy&A8Zbysdiu6n\\LcGܱv\Z(~_|Ο߲yix-WR/_t豶-[,zGkǏ4)FQvvvn5.vBv#utѵ+2!籋͚O:m]ؽvn۷m5VӦ|X+FR\"EAΛ5cAtÇ7kyˡΊ(y@\r<޺y!`MIFh/whn+Gkf҄	AAkS,J]`rE\\tc=kւo;wV*_#<!!+6\Zo«ikoo-({_FQFM-031&oAK/DޑJը1$BlB|z{3m+-=6&O/۷nᎁrfa2CPaN<	ۏav\"GaʧOB{.\rE2;`a1Cc@w?a.^<yDT		Ad;{Ut.Za=H͛7ZvzDq+Ю|Ho7lpgNK,kK;o#OpcGFނ<בoӶ]փUԎCs1m:ZX\\TC0P``tqQ0زi3}+>?X¢={PC\rZGX3|/b@Xfhg@ g6oܘ2Rߘ˗/̚){FFƳӧChAT={L\'ZHW0`\Z\"ٵc\'sT\\p<3aV\Z\0<t]\Z\nbccm-:T`l\'%&p)9Pw0NnԽA͢X\"{F\\\\?\'			w>%Hӑ v?~ iaV#YMy}A ;$kҰQú;k~OF0@`P	۳[J+x-Æ[*)kCn;%n7_____Y&8VvHp0Vܿ|/\',/\\(c9waa+~Yׯؾׯ_cqm[/]ǵXk7d_] bKa-zƋ/p#:w,81~P6-[~Ӯ=6+KvvV.^\\9.Çκ,Ckرó^e=yĳf1#GaZ3Mѵ7kT|2L{.uk6B#lߦ-ڣ⒅*U8zDGK-Ͻ{>wߏnйs̭UAKZp`~ >}Բl\0#͚6nܮuuk֢˕*=o;kӣ|ѣq=Яwobe%c~=,~	l}bgS\'MߧuT/7`srrVTؑaK~U\nJ$!}.,ZM\0^v#~j\r1U0mس{7.)\"\"wk@MO48s..@T[{{:*_9.O/?aukM	Wa#X*Lƌn\\nï]HL}gϜ])5tG\Z	:idH?`ʇͰ\nF	uoKbSo`?r\'صSgTȠ0+#Ałdh_z;r	kqq11kV.4ث{莗T˷TjPcvЯ?*8ѱ,iYQpSgq1W>_.+M\n?HN|e66o{p[>u\Zٹc<reԅ5׬Z	0	وR#$k0vlCCBJE3gw\"8r#ЮUU+W r苌HPsv1J7hשQ322l@DߍXx+EXHT\nC/\"ǝtㆳ_6u.twwUm۲:1z\n~#oT>d@\' fĆu!wߴafS$TжJbbֺ@,zپm$C~uB&^1~0NW7(̲<ը1t\'gr(IJ}{??%4ksgqH?2h`2j,ˍ>u\'_Y)蕝*wU򑺤\0̳g=1!mrOG,$8taHA!jiMTFw8XЎ AN{fA+P6m-gg\n\n`Vm#FlhiRɕWrIws?-Ȏ0PHZŽ\"DԝAPw\"NA݉ ;u\'DԝAPw\"NA݉ ;u\'DԝAPw\"NA݉ ;u\'DԝAPw\"NA݉ ;u\'DԝAPw\"NA݉ ;u\'DԝAPw\"NA݉ ;u\'DԝAPw\"NA݉ ;u\'DԝAPw\"NA݉ ;u\'DԝAPw\"NA݉ ;u\'DԝAPw\"NA݉ ;u\'DԝAPw\"NA݉ ;u\'Dԝjq^[(\0\0\0\0IENDB`','IIST,India','Intern..');
insert  into `user`(`userid`,`aadhar_no`,`password`,`name`,`dob`,`gender`,`contact`,`email`,`uno`,`profile`,`address`,`profession`) values ('gg59','123456789013','12345','Ikka','2001-03-03','Male','7974652538','ikkaballu69@gmail.com',3,NULL,'IIST,Indore','Singer');
insert  into `user`(`userid`,`aadhar_no`,`password`,`name`,`dob`,`gender`,`contact`,`email`,`uno`,`profile`,`address`,`profession`) values ('user5','123456789018','12345','opppp','2022-03-18','Other','1234567890','durvakulkarni3@gmail.com',36,'PNG\r\n\Z\n\0\0\0\rIHDR\0\0\0\0\0\0\0\0\0	m\"H\0\0\0PLTE5!J\0\03:\0\00\0\0.\0\0,\0\0$\0\0\Z\0\0)\"K\0\0*\0:\0\0!\0\0򆆕=͎\0\0&G\0\0rr__tgg{44SPPh??X@>8z=AC I\n@0ULg\05~~  ECC^\'\'JHLLdM\n9Cj<BE\06곽爘阥rY61\0\0@IDATxkCJ՜ xA+*`=VD@ &B6NއlHv(DTZotz+mFJb7GCqW~q9㉢I,B\Zj`TORw1|\nSc$w-Oرp>:#@\"#)>\Z\"A>#a@<\"itfKiHi	M%MhG&NB,)#4M*.B!4M)B9R\'4M+UBR#4$Bށvдoh]D!4p^0 i$aM{%\"x@9li\nvp(ALl1PU\'L\r0uݱ(д7J\'4MKhд+Vm\'iOFBӎU~BkMѠp%4Fд=*?O>j{܄:ꜝVNYbr 	wqV\"\nj5|oPםoJH1#8sS.Tm`B؃2D#E}gE{=·VCY\nى;FhxEv!o8vc+4ᕧ&ɢN	X8hB\'Z;&ЄB0~yhxv֊h_՞{։rkz ǎkJm+r	g~XhF+EyWc{$Fh_d?LCz,FC7|ϫ{+D1A\nf#|)~N/ޅEt\"&#!+ZjˮVTRJ*UTR%\\4˵ľm6eYfh\ngۥe)avti\\r-*U\Z][FȐF,#PQM?*:`qtB%DawZ9jU<	*UL+HIBj\Zį{S+M$	0DDI*5CYD)l#Q4|9>P\"݊FL,RaIT\n|31RYŗi$)ۑg&SA^\r9[%Ds	Q\ZrZ^EAo	1LBb|0\0	Í01#d3d\nG]2=F,r_#r)Hr^#/\\PDqę:3[`\n?\0xL\"8	0!8?w7N72[~DD馯CN1\Z^7> FPNʭnpN<>pj=w\'q䉬Z|!\\W\nWdB/∿GY!w89,zO6ߔOGz]6m=C)p`\"g{RiCLd@7%N\0{\n\"k\ZE/8`x%^kD[mq50!]ÁFEaP>Ӣ(ӘDw4F\0G8Ϩ֘;c8n>G#!j6C7㋴kQN\"S3	SRB>BϷ4XI~!f`f㭋_L!4/cEFn\'Ohĕ\Z/rϟ?j.ml\njEE0Bم.&O!d)n+B̕)HIH2Kd*M%\"LHh&D\\&ʔVTBI:ST|\"XF+4]\"Dϊp	=ɇaEٵH),;\r!ܐT%oCJ\n\"˔nr+7b{|R\n:KZB4(Ҋ7ipV|Z%3Jsfȴ= sBd32fgwp2vUp1\",(@z<qf_\r3]nXl`!f_OvO`.$5h%҈&TLPD5?\Z\\%D, _0abaF	S5PďwyQv9Mh4䖦\n	aQqP׮\\r=f]w,wfWF\0\0\0\0IENDB`','IIST,Indore','Intern');

/*Table structure for table `user_complain` */

CREATE TABLE `user_complain` (
  `complain_id` varchar(20) default NULL,
  `police_id` varchar(20) default NULL,
  `user_id` varchar(20) default NULL,
  `date_time` timestamp NOT NULL default CURRENT_TIMESTAMP on update CURRENT_TIMESTAMP,
  `title` varchar(100) default NULL,
  `category` varchar(30) default NULL,
  `description` varchar(250) default NULL
) ENGINE=InnoDB DEFAULT CHARSET=latin1;

/*Data for the table `user_complain` */

insert  into `user_complain`(`complain_id`,`police_id`,`user_id`,`date_time`,`title`,`category`,`description`) values ('0','user5','user5','2022-04-17 14:07:51','title','Criminal','describe');
insert  into `user_complain`(`complain_id`,`police_id`,`user_id`,`date_time`,`title`,`category`,`description`) values ('0','user5','user5','2022-04-17 14:10:04','title','Criminal','describe');
insert  into `user_complain`(`complain_id`,`police_id`,`user_id`,`date_time`,`title`,`category`,`description`) values ('0','user5','user5','2022-04-17 14:17:16','title','Criminal','describe');
insert  into `user_complain`(`complain_id`,`police_id`,`user_id`,`date_time`,`title`,`category`,`description`) values ('0',NULL,'user5','2022-04-17 14:25:15','title','Missing_Report','dfghjh');
insert  into `user_complain`(`complain_id`,`police_id`,`user_id`,`date_time`,`title`,`category`,`description`) values ('0',NULL,'user5','2022-04-17 14:26:00','title','Criminal_Activity','gyhghghgh');
insert  into `user_complain`(`complain_id`,`police_id`,`user_id`,`date_time`,`title`,`category`,`description`) values ('0','user5','user5','2022-04-17 14:27:52','title','Missing_Report','dfghjh');
insert  into `user_complain`(`complain_id`,`police_id`,`user_id`,`date_time`,`title`,`category`,`description`) values ('0','user5','user5','2022-04-17 14:28:06','title','Criminal_Activity','htyytyty');
insert  into `user_complain`(`complain_id`,`police_id`,`user_id`,`date_time`,`title`,`category`,`description`) values ('0','user5','user5','2022-04-17 14:28:32','title','Close_Complain','closed');
insert  into `user_complain`(`complain_id`,`police_id`,`user_id`,`date_time`,`title`,`category`,`description`) values ('0',NULL,'user5','2022-04-17 14:28:52','titl2','Criminal','ghhggh');
insert  into `user_complain`(`complain_id`,`police_id`,`user_id`,`date_time`,`title`,`category`,`description`) values ('0','user5','user5','2022-04-17 14:29:11','titl2','Close_Complain','kjjkj');
insert  into `user_complain`(`complain_id`,`police_id`,`user_id`,`date_time`,`title`,`category`,`description`) values ('0',NULL,'user5','2022-04-17 15:23:58','title','Criminal','describe');
insert  into `user_complain`(`complain_id`,`police_id`,`user_id`,`date_time`,`title`,`category`,`description`) values ('0','user5','user5','2022-04-17 15:24:18','title','Close_Complain','closed');
insert  into `user_complain`(`complain_id`,`police_id`,`user_id`,`date_time`,`title`,`category`,`description`) values ('0',NULL,'user5','2022-04-17 15:37:23','toitle','Criminal','gfgfhgf');
insert  into `user_complain`(`complain_id`,`police_id`,`user_id`,`date_time`,`title`,`category`,`description`) values ('0','user5','user5','2022-04-17 15:37:37','toitle','Close_Complain','rttyyy');
insert  into `user_complain`(`complain_id`,`police_id`,`user_id`,`date_time`,`title`,`category`,`description`) values ('0',NULL,'user5','2022-04-17 15:38:14','tuyuyu','Suspect','jkjkjkjk');
insert  into `user_complain`(`complain_id`,`police_id`,`user_id`,`date_time`,`title`,`category`,`description`) values ('0','user5','user5','2022-04-17 15:38:28','tuyuyu','Close_Complain','ghghghghh');
insert  into `user_complain`(`complain_id`,`police_id`,`user_id`,`date_time`,`title`,`category`,`description`) values ('0',NULL,'user5','2022-04-17 15:46:41','title','Criminal','ghghghg');
insert  into `user_complain`(`complain_id`,`police_id`,`user_id`,`date_time`,`title`,`category`,`description`) values ('0',NULL,'user5','2022-04-17 15:50:26','title','Criminal','yyyyyy');
insert  into `user_complain`(`complain_id`,`police_id`,`user_id`,`date_time`,`title`,`category`,`description`) values ('0','user5','user5','2022-04-17 15:54:25','title','Criminal','yyyyyy');
insert  into `user_complain`(`complain_id`,`police_id`,`user_id`,`date_time`,`title`,`category`,`description`) values ('0','user5','user5','2022-04-17 15:54:39','title','Suspect','dfgfgfgfgfgfgfg');
insert  into `user_complain`(`complain_id`,`police_id`,`user_id`,`date_time`,`title`,`category`,`description`) values ('0','user5','user5','2022-04-17 15:56:08','title','Close_Complain','gytytytytytyyt');
insert  into `user_complain`(`complain_id`,`police_id`,`user_id`,`date_time`,`title`,`category`,`description`) values ('0',NULL,'user5','2022-04-17 19:50:57','title','Suspect','ktjrktjkrt');
insert  into `user_complain`(`complain_id`,`police_id`,`user_id`,`date_time`,`title`,`category`,`description`) values ('0','user5','user5','2022-04-17 19:51:10','title','Close_Complain','krrrlkelrkler');

/*Table structure for table `user_history` */

CREATE TABLE `user_history` (
  `police_id` varchar(20) default NULL,
  `user_id` varchar(20) default NULL,
  `date_checked` date default NULL,
  `time_checked` time default NULL,
  `location_checked` varchar(100) default NULL,
  `current_stat` varchar(25) default NULL
) ENGINE=InnoDB DEFAULT CHARSET=latin1;

/*Data for the table `user_history` */

insert  into `user_history`(`police_id`,`user_id`,`date_checked`,`time_checked`,`location_checked`,`current_stat`) values ('user5','user5','2022-04-17','11:41:38','location_api','registered');
insert  into `user_history`(`police_id`,`user_id`,`date_checked`,`time_checked`,`location_checked`,`current_stat`) values ('user5','user5','2022-04-17','11:41:55','location_api','registered');
insert  into `user_history`(`police_id`,`user_id`,`date_checked`,`time_checked`,`location_checked`,`current_stat`) values ('user5','user5','2022-04-17','12:48:13','location_api','registered');
insert  into `user_history`(`police_id`,`user_id`,`date_checked`,`time_checked`,`location_checked`,`current_stat`) values ('user5','user5','2022-04-17','12:49:19','location_api','registered');
insert  into `user_history`(`police_id`,`user_id`,`date_checked`,`time_checked`,`location_checked`,`current_stat`) values ('user5','user5','2022-04-17','17:14:34','location_api','registered');
insert  into `user_history`(`police_id`,`user_id`,`date_checked`,`time_checked`,`location_checked`,`current_stat`) values ('user5','user5','2022-04-17','17:15:01','location_api','registered');
insert  into `user_history`(`police_id`,`user_id`,`date_checked`,`time_checked`,`location_checked`,`current_stat`) values ('user5','123','2022-04-17','17:18:41','location_api','not_registered');
insert  into `user_history`(`police_id`,`user_id`,`date_checked`,`time_checked`,`location_checked`,`current_stat`) values ('user5','user5','2022-04-17','17:18:58','location_api','registered');
insert  into `user_history`(`police_id`,`user_id`,`date_checked`,`time_checked`,`location_checked`,`current_stat`) values ('user5','user5','2022-04-17','19:49:24','location_api','registered');
insert  into `user_history`(`police_id`,`user_id`,`date_checked`,`time_checked`,`location_checked`,`current_stat`) values ('user5','user5','2022-04-17','19:50:23','location_api','registered');
insert  into `user_history`(`police_id`,`user_id`,`date_checked`,`time_checked`,`location_checked`,`current_stat`) values ('user5','123','2022-04-17','19:51:29','location_api','not_registered');
insert  into `user_history`(`police_id`,`user_id`,`date_checked`,`time_checked`,`location_checked`,`current_stat`) values ('user5','gg59','2022-04-17','20:38:57','location_api','registered');
insert  into `user_history`(`police_id`,`user_id`,`date_checked`,`time_checked`,`location_checked`,`current_stat`) values ('user5','gg59','2022-04-17','20:42:59','location_api','registered');
insert  into `user_history`(`police_id`,`user_id`,`date_checked`,`time_checked`,`location_checked`,`current_stat`) values ('user5','user5','2022-04-17','20:43:19','location_api','registered');
insert  into `user_history`(`police_id`,`user_id`,`date_checked`,`time_checked`,`location_checked`,`current_stat`) values ('user5','user5','2022-04-17','21:10:57','location_api','registered');
insert  into `user_history`(`police_id`,`user_id`,`date_checked`,`time_checked`,`location_checked`,`current_stat`) values ('user5','user5','2022-04-17','21:11:45','location_api','registered');
insert  into `user_history`(`police_id`,`user_id`,`date_checked`,`time_checked`,`location_checked`,`current_stat`) values ('user5','user5','2022-04-17','21:13:22','location_api','registered');

/*Table structure for table `vehicle_complain` */

CREATE TABLE `vehicle_complain` (
  `complain_id` varchar(20) default NULL,
  `police_id` varchar(20) default NULL,
  `vehicle_id` varchar(20) default NULL,
  `date_time` timestamp NOT NULL default CURRENT_TIMESTAMP on update CURRENT_TIMESTAMP,
  `title` varchar(100) default NULL,
  `category` varchar(30) default NULL,
  `description` varchar(200) default NULL
) ENGINE=InnoDB DEFAULT CHARSET=latin1;

/*Data for the table `vehicle_complain` */

insert  into `vehicle_complain`(`complain_id`,`police_id`,`vehicle_id`,`date_time`,`title`,`category`,`description`) values ('0','user5','user5','2022-04-16 16:54:56','criminal','Close_Complain','closed');
insert  into `vehicle_complain`(`complain_id`,`police_id`,`vehicle_id`,`date_time`,`title`,`category`,`description`) values ('0','user5','user5','2022-04-16 17:01:14','criminal','Close_Complain','closed');
insert  into `vehicle_complain`(`complain_id`,`police_id`,`vehicle_id`,`date_time`,`title`,`category`,`description`) values ('0','user5','user5','2022-04-16 17:01:32','missing','Missing_Report','report');
insert  into `vehicle_complain`(`complain_id`,`police_id`,`vehicle_id`,`date_time`,`title`,`category`,`description`) values ('0','user5','user5','2022-04-16 17:01:46','missing','Close_Complain','closed');
insert  into `vehicle_complain`(`complain_id`,`police_id`,`vehicle_id`,`date_time`,`title`,`category`,`description`) values ('0','user5','user5','2022-04-16 22:31:51','old','Missing_Report','one');
insert  into `vehicle_complain`(`complain_id`,`police_id`,`vehicle_id`,`date_time`,`title`,`category`,`description`) values ('0','user5','user5','2022-04-16 22:32:10','old','Close_Complain','closed');
insert  into `vehicle_complain`(`complain_id`,`police_id`,`vehicle_id`,`date_time`,`title`,`category`,`description`) values ('0',NULL,NULL,'2022-04-17 13:26:20','Title',NULL,'Description');
insert  into `vehicle_complain`(`complain_id`,`police_id`,`vehicle_id`,`date_time`,`title`,`category`,`description`) values ('0',NULL,NULL,'2022-04-17 13:33:04','title',NULL,'describe');
insert  into `vehicle_complain`(`complain_id`,`police_id`,`vehicle_id`,`date_time`,`title`,`category`,`description`) values ('0',NULL,NULL,'2022-04-17 13:37:51','title',NULL,'describe');
insert  into `vehicle_complain`(`complain_id`,`police_id`,`vehicle_id`,`date_time`,`title`,`category`,`description`) values ('0',NULL,NULL,'2022-04-17 13:39:01','title',NULL,'describe');
insert  into `vehicle_complain`(`complain_id`,`police_id`,`vehicle_id`,`date_time`,`title`,`category`,`description`) values ('0',NULL,'user5','2022-04-17 13:48:16','title',NULL,'describe');
insert  into `vehicle_complain`(`complain_id`,`police_id`,`vehicle_id`,`date_time`,`title`,`category`,`description`) values ('0',NULL,'user5','2022-04-17 13:50:17','title',NULL,'describe');
insert  into `vehicle_complain`(`complain_id`,`police_id`,`vehicle_id`,`date_time`,`title`,`category`,`description`) values ('0',NULL,'user5','2022-04-17 13:50:26','title',NULL,'describe');
insert  into `vehicle_complain`(`complain_id`,`police_id`,`vehicle_id`,`date_time`,`title`,`category`,`description`) values ('0',NULL,'user5','2022-04-17 13:56:33','title',NULL,'describe');
insert  into `vehicle_complain`(`complain_id`,`police_id`,`vehicle_id`,`date_time`,`title`,`category`,`description`) values ('0','user5','user5','2022-04-17 13:59:51','title',NULL,'describe');
insert  into `vehicle_complain`(`complain_id`,`police_id`,`vehicle_id`,`date_time`,`title`,`category`,`description`) values ('0','user5','user5','2022-04-17 14:00:33','title',NULL,'describe');
insert  into `vehicle_complain`(`complain_id`,`police_id`,`vehicle_id`,`date_time`,`title`,`category`,`description`) values ('0','user5','user5','2022-04-17 14:02:12','title',NULL,'describe');
insert  into `vehicle_complain`(`complain_id`,`police_id`,`vehicle_id`,`date_time`,`title`,`category`,`description`) values ('0','user5','user5','2022-04-17 14:02:29','title',NULL,'describe');
insert  into `vehicle_complain`(`complain_id`,`police_id`,`vehicle_id`,`date_time`,`title`,`category`,`description`) values ('0','user5',NULL,'2022-04-17 14:22:56','title','Missing_Report','describe');
insert  into `vehicle_complain`(`complain_id`,`police_id`,`vehicle_id`,`date_time`,`title`,`category`,`description`) values ('0','user5','user5','2022-04-17 17:36:44','title','Missing_Report','describe');

/*Table structure for table `vehicle_history` */

CREATE TABLE `vehicle_history` (
  `police_id` varchar(20) default NULL,
  `vehicle_id` varchar(20) default NULL,
  `date_checked` date default NULL,
  `location_checked` varchar(100) default NULL,
  `time_checked` time default NULL
) ENGINE=InnoDB DEFAULT CHARSET=latin1;

/*Data for the table `vehicle_history` */

insert  into `vehicle_history`(`police_id`,`vehicle_id`,`date_checked`,`location_checked`,`time_checked`) values ('user5','user5','2021-02-03','abcd','12:10:10');
insert  into `vehicle_history`(`police_id`,`vehicle_id`,`date_checked`,`location_checked`,`time_checked`) values ('user6','user5','2021-02-02','abcd','11:12:13');
insert  into `vehicle_history`(`police_id`,`vehicle_id`,`date_checked`,`location_checked`,`time_checked`) values ('user5','user5','2022-04-16','location_api','21:21:11');
insert  into `vehicle_history`(`police_id`,`vehicle_id`,`date_checked`,`location_checked`,`time_checked`) values ('user5','user5','2022-04-16','location_api','21:57:00');
insert  into `vehicle_history`(`police_id`,`vehicle_id`,`date_checked`,`location_checked`,`time_checked`) values ('user5','user5','2022-04-16','location_api','22:26:10');
insert  into `vehicle_history`(`police_id`,`vehicle_id`,`date_checked`,`location_checked`,`time_checked`) values ('user5','user5','2022-04-16','location_api','22:26:54');
insert  into `vehicle_history`(`police_id`,`vehicle_id`,`date_checked`,`location_checked`,`time_checked`) values ('user5','user5','2022-04-16','location_api','22:31:28');
insert  into `vehicle_history`(`police_id`,`vehicle_id`,`date_checked`,`location_checked`,`time_checked`) values ('user5','user5','2022-04-17','location_api','09:02:29');
insert  into `vehicle_history`(`police_id`,`vehicle_id`,`date_checked`,`location_checked`,`time_checked`) values ('user5','user5','2022-04-17','location_api','09:12:36');
insert  into `vehicle_history`(`police_id`,`vehicle_id`,`date_checked`,`location_checked`,`time_checked`) values ('user5','user5','2022-04-17','location_api','09:13:13');
insert  into `vehicle_history`(`police_id`,`vehicle_id`,`date_checked`,`location_checked`,`time_checked`) values ('user5','user5','2022-04-17','location_api','09:14:31');
insert  into `vehicle_history`(`police_id`,`vehicle_id`,`date_checked`,`location_checked`,`time_checked`) values ('user5','user5','2022-04-17','location_api','09:14:58');
insert  into `vehicle_history`(`police_id`,`vehicle_id`,`date_checked`,`location_checked`,`time_checked`) values ('user5','user5','2022-04-17','location_api','10:06:46');
insert  into `vehicle_history`(`police_id`,`vehicle_id`,`date_checked`,`location_checked`,`time_checked`) values ('user5','user5','2022-04-17','location_api','10:08:01');
insert  into `vehicle_history`(`police_id`,`vehicle_id`,`date_checked`,`location_checked`,`time_checked`) values ('user5','user5','2022-04-17','location_api','10:21:10');
insert  into `vehicle_history`(`police_id`,`vehicle_id`,`date_checked`,`location_checked`,`time_checked`) values ('user5','user5','2022-04-17','location_api','10:22:41');
insert  into `vehicle_history`(`police_id`,`vehicle_id`,`date_checked`,`location_checked`,`time_checked`) values ('user5','user5','2022-04-17','location_api','10:31:12');
insert  into `vehicle_history`(`police_id`,`vehicle_id`,`date_checked`,`location_checked`,`time_checked`) values ('user5','user5','2022-04-17','location_api','10:35:40');
insert  into `vehicle_history`(`police_id`,`vehicle_id`,`date_checked`,`location_checked`,`time_checked`) values ('user5','user5','2022-04-17','location_api','10:36:43');
insert  into `vehicle_history`(`police_id`,`vehicle_id`,`date_checked`,`location_checked`,`time_checked`) values ('user5','user5','2022-04-17','location_api','10:42:41');
insert  into `vehicle_history`(`police_id`,`vehicle_id`,`date_checked`,`location_checked`,`time_checked`) values ('user5','user5','2022-04-17','location_api','10:43:21');
insert  into `vehicle_history`(`police_id`,`vehicle_id`,`date_checked`,`location_checked`,`time_checked`) values ('user5','user5','2022-04-17','location_api','10:43:57');
insert  into `vehicle_history`(`police_id`,`vehicle_id`,`date_checked`,`location_checked`,`time_checked`) values ('user5','user5','2022-04-17','location_api','10:56:16');
insert  into `vehicle_history`(`police_id`,`vehicle_id`,`date_checked`,`location_checked`,`time_checked`) values ('user5','user5','2022-04-17','location_api','10:57:46');
insert  into `vehicle_history`(`police_id`,`vehicle_id`,`date_checked`,`location_checked`,`time_checked`) values ('user5','user5','2022-04-17','location_api','10:58:05');
insert  into `vehicle_history`(`police_id`,`vehicle_id`,`date_checked`,`location_checked`,`time_checked`) values ('user5','user5','2022-04-17','location_api','11:10:19');
insert  into `vehicle_history`(`police_id`,`vehicle_id`,`date_checked`,`location_checked`,`time_checked`) values ('user5','user5','2022-04-17','location_api','11:21:08');
insert  into `vehicle_history`(`police_id`,`vehicle_id`,`date_checked`,`location_checked`,`time_checked`) values ('user5','user5','2022-04-17','location_api','11:40:08');
insert  into `vehicle_history`(`police_id`,`vehicle_id`,`date_checked`,`location_checked`,`time_checked`) values ('user5','user5','2022-04-17','location_api','14:15:18');
insert  into `vehicle_history`(`police_id`,`vehicle_id`,`date_checked`,`location_checked`,`time_checked`) values ('user5','','2022-04-17','location_api','14:15:32');
insert  into `vehicle_history`(`police_id`,`vehicle_id`,`date_checked`,`location_checked`,`time_checked`) values ('user5','user5','2022-04-17','location_api','15:38:55');
insert  into `vehicle_history`(`police_id`,`vehicle_id`,`date_checked`,`location_checked`,`time_checked`) values ('user5','user5','2022-04-17','location_api','17:19:48');
insert  into `vehicle_history`(`police_id`,`vehicle_id`,`date_checked`,`location_checked`,`time_checked`) values ('user5','user5','2022-04-17','location_api','17:26:54');
insert  into `vehicle_history`(`police_id`,`vehicle_id`,`date_checked`,`location_checked`,`time_checked`) values ('user5','user5','2022-04-17','location_api','17:27:40');
insert  into `vehicle_history`(`police_id`,`vehicle_id`,`date_checked`,`location_checked`,`time_checked`) values ('user5','user5','2022-04-17','location_api','17:36:52');
insert  into `vehicle_history`(`police_id`,`vehicle_id`,`date_checked`,`location_checked`,`time_checked`) values ('user5','user5','2022-04-17','location_api','17:37:04');
insert  into `vehicle_history`(`police_id`,`vehicle_id`,`date_checked`,`location_checked`,`time_checked`) values ('user5','','2022-04-17','location_api','17:37:17');
insert  into `vehicle_history`(`police_id`,`vehicle_id`,`date_checked`,`location_checked`,`time_checked`) values ('user5','user5','2022-04-17','location_api','17:37:29');

/*Table structure for table `vehicle_registration` */

CREATE TABLE `vehicle_registration` (
  `soldby` varchar(50) default NULL,
  `owner_name` varchar(50) default NULL,
  `father_name` varchar(50) default NULL,
  `dob` date default NULL,
  `address` varchar(100) default NULL,
  `state` varchar(30) default NULL,
  `city` varchar(30) default NULL,
  `pincode` int(6) default NULL,
  `phone1` varchar(13) default NULL,
  `phone2` varchar(13) default NULL,
  `email` varchar(30) default NULL,
  `aadhar_no` varchar(15) default NULL,
  `license_no` varchar(20) default NULL,
  `vehicle_no` varchar(20) default NULL,
  `engine_no` varchar(20) default NULL,
  `chassis_no` varchar(20) default NULL,
  `showroom_address` varchar(100) default NULL,
  `rc_no` varchar(20) default NULL,
  `engine_type` varchar(20) default NULL,
  `vehicle_company` varchar(30) default NULL,
  `model_no` varchar(30) default NULL,
  `rto_name` varchar(30) default NULL,
  `year_of_manufacture` varchar(5) default NULL,
  `vehicle_color` varchar(20) default NULL,
  `registration_validity` date default NULL,
  `vehicle_type` varchar(20) default NULL,
  `vehicle_image` mediumblob,
  `dealerid` varchar(20) default NULL,
  `date_of_registration` date default NULL
) ENGINE=InnoDB DEFAULT CHARSET=latin1;

/*Data for the table `vehicle_registration` */

insert  into `vehicle_registration`(`soldby`,`owner_name`,`father_name`,`dob`,`address`,`state`,`city`,`pincode`,`phone1`,`phone2`,`email`,`aadhar_no`,`license_no`,`vehicle_no`,`engine_no`,`chassis_no`,`showroom_address`,`rc_no`,`engine_type`,`vehicle_company`,`model_no`,`rto_name`,`year_of_manufacture`,`vehicle_color`,`registration_validity`,`vehicle_type`,`vehicle_image`,`dealerid`,`date_of_registration`) values ('other','Durva Kulkarni','durvakulkarni3@gmail.com','2022-03-30','101,Raghuparvati appt. , 19 ,Resham gali,  Nandlalpura\r\nindore','Madhya Pradesh','indore',452007,'09399-49270','09399-49270','durvakulkarni3@gmail.com','1234567890','lic12345','8765433','876554','user5',NULL,'8888888','diesel','Ask Innovation','456790','juhhuhuhu','2022','blue','2022-04-08','8','PNG\r\n\Z\n\0\0\0\rIHDR\0\0\0\0\0\0\0\0\0	m\"H\0\0\0PLTE5!J\0\03:\0\00\0\0.\0\0,\0\0$\0\0\Z\0\0)\"K\0\0*\0:\0\0!\0\0򆆕=͎\0\0&G\0\0rr__tgg{44SPPh??X@>8z=AC I\n@0ULg\05~~  ECC^\'\'JHLLdM\n9Cj<BE\06곽爘阥rY61\0\0@IDATxkCJ՜ xA+*`=VD@ &B6NއlHv(DTZotz+mFJb7GCqW~q9㉢I,B\Zj`TORw1|\nSc$w-Oرp>:#@\"#)>\Z\"A>#a@<\"itfKiHi	M%MhG&NB,)#4M*.B!4M)B9R\'4M+UBR#4$Bށvдoh]D!4p^0 i$aM{%\"x@9li\nvp(ALl1PU\'L\r0uݱ(д7J\'4MKhд+Vm\'iOFBӎU~BkMѠp%4Fд=*?O>j{܄:ꜝVNYbr 	wqV\"\nj5|oPםoJH1#8sS.Tm`B؃2D#E}gE{=·VCY\nى;FhxEv!o8vc+4ᕧ&ɢN	X8hB\'Z;&ЄB0~yhxv֊h_՞{։rkz ǎkJm+r	g~XhF+EyWc{$Fh_d?LCz,FC7|ϫ{+D1A\nf#|)~N/ޅEt\"&#!+ZjˮVTRJ*UTR%\\4˵ľm6eYfh\ngۥe)avti\\r-*U\Z][FȐF,#PQM?*:`qtB%DawZ9jU<	*UL+HIBj\Zį{S+M$	0DDI*5CYD)l#Q4|9>P\"݊FL,RaIT\n|31RYŗi$)ۑg&SA^\r9[%Ds	Q\ZrZ^EAo	1LBb|0\0	Í01#d3d\nG]2=F,r_#r)Hr^#/\\PDqę:3[`\n?\0xL\"8	0!8?w7N72[~DD馯CN1\Z^7> FPNʭnpN<>pj=w\'q䉬Z|!\\W\nWdB/∿GY!w89,zO6ߔOGz]6m=C)p`\"g{RiCLd@7%N\0{\n\"k\ZE/8`x%^kD[mq50!]ÁFEaP>Ӣ(ӘDw4F\0G8Ϩ֘;c8n>G#!j6C7㋴kQN\"S3	SRB>BϷ4XI~!f`f㭋_L!4/cEFn\'Ohĕ\Z/rϟ?j.ml\njEE0Bم.&O!d)n+B̕)HIH2Kd*M%\"LHh&D\\&ʔVTBI:ST|\"XF+4]\"Dϊp	=ɇaEٵH),;\r!ܐT%oCJ\n\"˔nr+7b{|R\n:KZB4(Ҋ7ipV|Z%3Jsfȴ= sBd32fgwp2vUp1\",(@z<qf_\r3]nXl`!f_OvO`.$5h%҈&TLPD5?\Z\\%D, _0abaF	S5PďwyQv9Mh4䖦\n	aQqP׮\\r=f]w,wfWF\0\0\0\0IENDB`','user5','2022-03-05');

/*!40101 SET SQL_MODE=@OLD_SQL_MODE */;